GROUP,PACKAGE,CLASS,INSTRUCTION_MISSED,INSTRUCTION_COVERED,BRANCH_MISSED,BRANCH_COVERED,LINE_MISSED,LINE_COVERED,COMPLEXITY_MISSED,COMPLEXITY_COVERED,METHOD_MISSED,METHOD_COVERED
Persistence_g_1_5,edu.uga.miage.m1.polygons.gui,JDrawingFrame,336,0,8,0,74,0,17,0,12,0
Persistence_g_1_5,edu.uga.miage.m1.polygons.gui,JDrawingFrame.new ActionListener() {...},51,0,4,0,10,0,4,0,2,0
Persistence_g_1_5,edu.uga.miage.m1.polygons.gui,GUIHelper.new WindowAdapter() {...},6,0,0,0,3,0,2,0,2,0
Persistence_g_1_5,edu.uga.miage.m1.polygons.gui,JDrawingFrame.new ActionListener() {...},43,0,3,0,9,0,4,0,2,0
Persistence_g_1_5,edu.uga.miage.m1.polygons.gui,JDrawingFrame.ImportFiles,357,0,24,0,79,0,19,0,6,0
Persistence_g_1_5,edu.uga.miage.m1.polygons.gui,App,6,0,0,0,3,0,2,0,2,0
Persistence_g_1_5,edu.uga.miage.m1.polygons.gui,JDrawingFrame.Shapes,21,0,0,0,1,0,1,0,1,0
Persistence_g_1_5,edu.uga.miage.m1.polygons.gui,JDrawingFrame.Export,199,0,12,0,46,0,11,0,3,0
Persistence_g_1_5,edu.uga.miage.m1.polygons.gui,JDrawingFrame.ShapeActionListener,47,0,4,0,12,0,4,0,2,0
Persistence_g_1_5,edu.uga.miage.m1.polygons.gui,GUIHelper,21,0,0,0,7,0,2,0,2,0
Persistence_g_1_5,edu.uga.miage.m1.polygons.gui.persistence,JSonVisitor,8,25,0,0,4,12,1,4,1,4
Persistence_g_1_5,edu.uga.miage.m1.polygons.gui.persistence,XMLVisitor,8,25,0,0,4,12,1,4,1,4
Persistence_g_1_5,edu.uga.miage.m1.polygons.gui.shapes,Triangle,126,16,2,0,16,7,2,4,1,4
Persistence_g_1_5,edu.uga.miage.m1.polygons.gui.shapes,Square,65,19,0,0,9,8,1,4,1,4
Persistence_g_1_5,edu.uga.miage.m1.polygons.gui.shapes,Circle,65,19,0,0,9,8,1,4,1,4
